Model,Average Score,Total Time
save/lr0.01_b2_ed0.8,29.23940304008076,2.399174029827118
save/lr0.01_b2_ed0.995,42.567532467532466,2.125049412250519
save/lr0.01_b4_ed0.8,42.265357997265895,3.8369616937637328
save/lr0.01_b4_ed0.995,42.265357997265895,3.8001247000694276
save/lr0.001_b2_ed0.8,42.265357997265895,1.9064820194244385
save/lr0.001_b2_ed0.995,48.6416396103896,1.913288700580597
save/lr0.001_b4_ed0.8,38.176136363636374,4.263671338558197
save/lr0.001_b4_ed0.995,56.86363636363636,4.095185203552246
