Model,Average Score,Total Time
save/lr0.01_b2_ed0.8,36.975,2.0371074509620666
save/lr0.01_b2_ed0.995,74.51951357768533,2.0101471447944643
save/lr0.01_b4_ed0.8,53.81601731601732,3.905115818977356
save/lr0.01_b4_ed0.995,74.51951357768533,3.9811351895332336
save/lr0.001_b2_ed0.8,40.63981432956501,1.9948123240470885
save/lr0.001_b2_ed0.995,70.36363636363636,2.091063582897186
save/lr0.001_b4_ed0.8,65.44056620926428,3.972192680835724
save/lr0.001_b4_ed0.995,74.51951357768533,4.06155277967453
